{"cameraMode":{"drawMode":0,"name":"Shaded","section":"Shading Mode"},"sceneLighting":false,"audioPlay":false,"sceneViewState":{"showFog":true,"showMaterialUpdate":false,"showSkybox":true,"showFlares":true,"showImageEffects":true,"showParticleSystems":true},"in2DMode":false,"pivot":{"x":30.729999542236329,"y":19.489999771118165,"z":-37.63999938964844},"rotation":{"x":0.1526392102241516,"y":-0.34727558493614199,"z":0.05741243064403534,"w":0.923491358757019},"size":7.192183494567871,"orthographic":false}