{"cameraMode":{"drawMode":0,"name":"Shaded","section":"Shading Mode"},"sceneLighting":false,"audioPlay":false,"sceneViewState":{"showFog":true,"showMaterialUpdate":false,"showSkybox":true,"showFlares":true,"showImageEffects":true,"showParticleSystems":true},"in2DMode":false,"pivot":{"x":0.019615784287452699,"y":0.11474147439002991,"z":-0.008720248937606812},"rotation":{"x":0.2853376269340515,"y":-0.052858300507068637,"z":0.01579161174595356,"w":0.9568570256233215},"size":0.7834010720252991,"orthographic":false}