{"cameraMode":{"drawMode":0,"name":"Shaded","section":"Shading Mode"},"sceneLighting":false,"audioPlay":false,"sceneViewState":{"showFog":true,"showMaterialUpdate":false,"showSkybox":true,"showFlares":true,"showImageEffects":true,"showParticleSystems":true},"in2DMode":false,"pivot":{"x":-13.357002258300782,"y":6.994999408721924,"z":53.72999954223633},"rotation":{"x":-0.22042438387870789,"y":0.022527171298861505,"z":-0.00509205786511302,"w":-0.9751307368278503},"size":378.62841796875,"orthographic":false}