{"cameraMode":{"drawMode":0,"name":"Shaded","section":"Shading Mode"},"sceneLighting":false,"audioPlay":false,"sceneViewState":{"showFog":true,"showMaterialUpdate":false,"showSkybox":true,"showFlares":true,"showImageEffects":true,"showParticleSystems":true},"in2DMode":false,"pivot":{"x":-33.71574783325195,"y":-4.317159652709961,"z":40.25105285644531},"rotation":{"x":-0.22042438387870789,"y":0.022527171298861505,"z":-0.00509205786511302,"w":-0.9751307368278503},"size":31.35752296447754,"orthographic":false}