{"cameraMode":{"drawMode":0,"name":"Shaded","section":"Shading Mode"},"sceneLighting":false,"audioPlay":false,"sceneViewState":{"showFog":true,"showMaterialUpdate":false,"showSkybox":true,"showFlares":true,"showImageEffects":true,"showParticleSystems":true},"in2DMode":false,"pivot":{"x":112.4846420288086,"y":-349.13665771484377,"z":147.643798828125},"rotation":{"x":0.41960522532463076,"y":0.38061267137527468,"z":-0.19974085688591004,"w":0.7995041608810425},"size":558.6843872070313,"orthographic":false}