{"cameraMode":{"drawMode":0,"name":"Shaded","section":"Shading Mode"},"sceneLighting":false,"audioPlay":false,"sceneViewState":{"showFog":true,"showMaterialUpdate":false,"showSkybox":true,"showFlares":true,"showImageEffects":true,"showParticleSystems":true},"in2DMode":false,"pivot":{"x":-0.0000622868537902832,"y":0.7970505952835083,"z":-0.07654309272766113},"rotation":{"x":0.302586168050766,"y":-0.0482829213142395,"z":0.015379038639366627,"w":0.9517931938171387},"size":4.2658562660217289,"orthographic":false}