{"cameraMode":{"drawMode":0,"name":"Shaded","section":"Shading Mode"},"sceneLighting":true,"audioPlay":false,"sceneViewState":{"showFog":true,"showMaterialUpdate":false,"showSkybox":true,"showFlares":true,"showImageEffects":true,"showParticleSystems":true},"in2DMode":false,"pivot":{"x":-19.324127197265626,"y":11.275565147399903,"z":-31.36498260498047},"rotation":{"x":-0.308994323015213,"y":-0.08062040060758591,"z":0.026297833770513536,"w":-0.9472757577896118},"size":23.48170280456543,"orthographic":false}